-- Checking for already made database
DROP DATABASE IF EXISTS lol_database;

-- Checking for already made user
DROP USER IF EXISTS 'lol_user'@'localhost';

-- Creating database
CREATE DATABASE IF NOT EXISTS lol_database;

-- Creating user
CREATE USER IF NOT EXISTS 'lol_user'@'localhost' IDENTIFIED BY 'IFeedBotLane';

-- Switching to our database
USE lol_database;


-- Creating table for ADCs that work well with the Support.
CREATE TABLE IF NOT EXISTS SupportBottomPairing (
	id INT NOT NULL PRIMARY KEY AUTO_INCREMENT,
    Support VARCHAR(12) CHARACTER SET utf8,
    Bottom VARCHAR(12) CHARACTER SET utf8
);

-- Inserting values
INSERT INTO SupportBottomPairing (Support, Bottom) VALUES 
    ('Alistar','Caitlyn'),
	('Bard','Ezreal'),
	('Blitzcrank','Draven'),
	('Braum','Caitlyn'),
	('Janna','Tristana'),
	('Karma','Jhin'),
	('Leona','Draven'),
	('Lulu','Twitch'),
	('Lux','Miss Fortune'),
	('Maokai','Vayne'),
	('Milio','Kog''Maw'),
	('Morgana','Smolder'),
	('Nami','Lucian'),
	('Nautilus','Kai''Sa'),
	('Pyke','Jhin'),
	('Rakan','Xayah'),
	('Rell','Sivir'),
	('Renata Glasc','Kalista'),
	('Senna','Nilah'),
	('Sona','Varus'),
	('Soraka','Ashe'),
	('Taric','Aphelios'),
	('Thresh','Draven'),
	('Yuumi','N/A'),
	('Zilean','Zeri'),
	('Zyra','Sivir');


-- Creating Table for Champions
CREATE TABLE IF NOT EXISTS ChampionList (
    Champ VARCHAR(14) CHARACTER SET utf8,
    Pref_Role VARCHAR(7) CHARACTER SET utf8,
    Job VARCHAR(19) CHARACTER SET utf8,
    AP_AD VARCHAR(4) CHARACTER SET utf8
);

-- Inseting data for Champions
INSERT INTO ChampionList (Champ, Pref_Role, Job, AP_AD) VALUES 
    ('Aatrox','Top','Juggernaut','AD'),
	('Ahri','Middle','Burst','AP'),
	('Akali','Middle','Assassin','AP'),
	('Akshan','Middle','Assassin/Marksmen','AD'),
	('Alistar','Support','Vanguard','AD'),
	('Amumu','Jungle','Vanguard','AP'),
	('Anivia','Middle','Battlemage','AP'),
	('Annie','Middle','Burst','AP'),
	('Aphelios','Bottom','Marksmen','AD'),
	('Ashe','Bottom','Marksmen','AD'),
	('Aurelion Sol','Middle','Battlemage','AP'),
	('Azir','Middle','Specialist','AP'),
	('Bard','Support','Catcher','AP'),
	('Bel''Veth','Jungle','Skirmisher','AD'),
	('Blitzcrank','Support','Catcher','AD'),
	('Brand','Jungle','Burst','AP'),
	('Braum','Support','Warden','AD'),
	('Briar','Jungle','Diver','AD'),
	('Caitlyn','Bottom','Marksmen','AD'),
	('Camille','Top','Diver','AD'),
	('Cassiopeia','Middle','Battlemage','AP'),
	('Cho''Gath','Top','Specialist','AD'),
	('Corki','Middle','Marksmen','AD'),
	('Darius','Top','Juggernaut','AD'),
	('Diana','Jungle','Assassin/Diver','AP'),
	('Dr. Mundo','Top','Juggernaut','AD'),
	('Draven','Bottom','Marksmen','AD'),
	('Ekko','Middle','Assassin','AP'),
	('Elise','Jungle','Diver','AP'),
	('Evelynn','Jungle','Assassin','AP'),
	('Ezreal','Bottom','Marksmen','AD'),
	('Fiddlesticks','Jungle','Specialist','AP'),
	('Fiora','Top','Skirmisher','AD'),
	('Fizz','Middle','Assassin','AP'),
	('Galio','Middle','Warden','AP'),
	('Gangplank','Top','Specialist','AD'),
	('Garen','Top','Juggernaut','AD'),
	('Gnar','Top','Specialist','AD'),
	('Gragas','Jungle','Vanguard','AP'),
	('Graves','Jungle','Specialist','AD'),
	('Gwen','Top','Skirmisher','AP'),
	('Hecarim','Jungle','Diver','AD'),
	('Heimerdinger','Middle','Specialist','AP'),
	('Hwei','Middle','Artillery','AP'),
	('Illaoi','Top','Juggernaut','AD'),
	('Ivern','Jungle','Catcher','AP'),
	('Janna','Support','Enchanter','AP'),
	('Jarvan IV','Jungle','Diver','AD'),
	('Jax','Top','Skirmisher','AD'),
	('Jayce','Top','Artillery','AD'),
	('Jhin','Bottom','Marksmen/Catcher','AD'),
	('Jinx','Bottom','Marksmen','AD'),
	('Kai''Sa','Bottom','Marksmen','AP'),
	('Kalista','Bottom','Marksmen','AD'),
	('Karma','Support','Burst/Enchanter','AP'),
	('Karthus','Jungle','Battlemage','AP'),
	('Kassadin','Middle','Assassin','AP'),
	('Katarina','Middle','Assassin','AD'),
	('Kayle','Top','Specialist','AP'),
	('Kayn','Jungle','Skirmisher','AD'),
	('Kennen','Top','Specialist','AP'),
	('Kha''Zix','Jungle','Assassin','AD'),
	('Kindred','Jungle','Marksmen','AD'),
	('Kled','Top','Skirmisher','AD'),
	('Kog''Maw','Bottom','Marksmen','AD'),
	('K''Sante','Top','Warden/Skirmisher','AD'),
	('LeBlanc','Middle','Burst','AP'),
	('Lee Sin','Jungle','Diver','AD'),
	('Leona','Support','Vanguard','AD'),
	('Lillia','Jungle','Skirmisher','AP'),
	('Lissandra','Middle','Burst','AP'),
	('Lucian','Bottom','Marksmen','AD'),
	('Lulu','Support','Enchanter','AP'),
	('Lux','Support','Burst/Artillery','AP'),
	('Malphite','Top','Vanguard','AP'),
	('Malzahar','Middle','Battlemage','AP'),
	('Maokai','Support','Vanguard','AP'),
	('Master Yi','Jungle','Skirmisher','AD'),
	('Milio','Support','Enchanter','AP'),
	('Miss Fortune','Bottom','Marksmen','AD'),
	('Mordekaiser','Top','Juggernaut','AP'),
	('Morgana','Support','Catcher','AP'),
	('Naafiri','Middle','Assassin','AD'),
	('Nami','Support','Enchanter','AP'),
	('Nasus','Top','Juggernaut','Flex'),
	('Nautilus','Support','Vanguard','AD'),
	('Neeko','Middle','Burst/Catcher','AP'),
	('Nidalee','Jungle','Specialist','AP'),
	('Nilah','Bottom','Skirmisher','AD'),
	('Nocturne','Jungle','Assassin','AD'),
	('Nunu & Willump','Jungle','Vanguard','AP'),
	('Olaf','Top','Diver','AD'),
	('Orianna','Middle','Burst','AP'),
	('Ornn','Top','Vanguard','AD'),
	('Pantheon','Middle','Diver','AD'),
	('Poppy','Top','Warden','AD'),
	('Pyke','Support','Assassin/Catcher','AD'),
	('Qiyana','Middle','Assassin','AD'),
	('Quinn','Top','Specialist','AD'),
	('Rakan','Support','Catcher','AP'),
	('Rammus','Jungle','Vanguard','AD'),
	('Rek''Sai','Jungle','Diver','AD'),
	('Rell','Support','Vanguard','AD'),
	('Renata Glasc','Support','Enchanter','AP'),
	('Renekton','Top','Diver','AD'),
	('Rengar','Jungle','Assassin/Diver','Flex'),
	('Riven','Top','Skirmisher','AD'),
	('Rumble','Top','Battlemage','AP'),
	('Ryze','Middle','Battlemage','AP'),
	('Samira','Bottom','Marksmen','AD'),
	('Sejuani','Jungle','Vanguard','AD'),
	('Senna','Support','Marksmen/Enchanter','AD'),
	('Seraphine','Middle','Burst/Enchanter','AP'),
	('Sett','Top','Juggernaut','AD'),
	('Shaco','Jungle','Assassin','Flex'),
	('Shen','Top','Warden','AD'),
	('Shyvana','Jungle','Juggernaut','AD'),
	('Singed','Top','Specialist','AP'),
	('Sion','Top','Vanguard','AD'),
	('Sivir','Bottom','Marksmen','AD'),
	('Skarner','Jungle','Diver','AD'),
	('Smolder','Bottom','Marksmen','AD'),
	('Sona','Support','Enchanter','AP'),
	('Soraka','Support','Enchanter','AP'),
	('Swain','Middle','Battlemage','AP'),
	('Sylas','Middle','Burst/Skirmisher','AP'),
	('Syndra','Middle','Burst','AP'),
	('Tahm Kench','Top','Warden','AP'),
	('Taliyah','Jungle','Battlemage','AP'),
	('Talon','Middle','Assassin','AD'),
	('Taric','Support','Enchanter/Warden','AP'),
	('Teemo','Top','Specialist','AP'),
	('Thresh','Support','Catcher','AP'),
	('Tristana','Bottom','Marksmen','AD'),
	('Trundle','Top','Juggernaut','AD'),
	('Tryndamere','Top','Skirmisher','AD'),
	('Twisted Fate','Middle','Burst','Flex'),
	('Twitch','Bottom','Marksmen','Flex'),
	('Udyr','Top','Juggernaut','AD'),
	('Urgot','Top','Juggernaut','AD'),
	('Varus','Bottom','Marksmen','AD'),
	('Vayne','Bottom','Marksmen','AD'),
	('Veigar','Middle','Burst','AP'),
	('Vel''Koz','Middle','Artillery','AP'),
	('Vex','Middle','Burst','AP'),
	('Vi','Jungle','Diver','AD'),
	('Viego','Jungle','Skirmisher','AD'),
	('Viktor','Middle','Battlemage','AP'),
	('Vladimir','Middle','Battlemage','AP'),
	('Volibear','Top','Juggernaut','AP'),
	('Warwick','Jungle','Diver','AD'),
	('Wukong','Jungle','Diver','AD'),
	('Xayah','Bottom','Marksmen','AD'),
	('Xerath','Middle','Artillery','AP'),
	('Xin Zhao','Jungle','Diver','AD'),
	('Yasuo','Middle','Skirmisher','AD'),
	('Yone','Middle','Skirmisher/Assassin','AD'),
	('Yorick','Top','Juggernaut','AD'),
	('Yuumi','Support','Enchanter','AP'),
	('Zac','Jungle','Vanguard','AD'),
	('Zed','Middle','Assassin','AP'),
	('Zeri','Bottom','Marksmen','AD'),
	('Ziggs','Middle','Artillery','AP'),
	('Zilean','Support','Specialist','AP'),
	('Zoe','Middle','Burst','AP'),
	('Zyra','Support','Catcher','AP');

-- CREATING TABLE FOR CHAMPION BUILDS
CREATE TABLE IF NOT EXISTS `ChampionBuild` (
    `Champ` VARCHAR(14) CHARACTER SET utf8,
    `First_Item` INT,
    `Second_Item` INT,
    `Third_Item` INT
);

-- INSERTING DATA FOR CHAMPION BUILDS
INSERT INTO `ChampionBuild` VALUES 
	('Aatrox',3047,6698,3814),
	('Ahri',3118,3020,3100),
	('Akali',3020,3100,4645),
	('Akshan',6672,3111,3153),
	('Alistar',3876,3009,3002),
	('Amumu',3068,3111,6653),
	('Anivia',6657,3020,3003),
	('Annie',3118,3020,4646),
	('Aphelios',3095,3006,3031),
	('Ashe',3006,6672,7018),
	('Aurelion Sol',3116,3020,6653),
	('Azir',3115,3020,3100),
	('Bard',3877,3009,3110),
	('Bel''Veth',6672,3111,6631),
	('Blitzcrank',3876,3117,3002),
	('Brand',6653,3020,3116),
	('Braum',3876,3047,3190),
	('Briar',6692,3047,6610),
	('Caitlyn',3095,3006,3031),
	('Camille',7018,3047,3074),
	('Cassiopeia',6657,3003,3116),
	('Cho''Gath',3084,3111,3068),
	('Corki',3004,3020,3118),
	('Darius',3047,7018,3053),
	('Diana',3115,3020,3152),
	('Dr. Mundo',3084,3009,3068),
	('Draven',6697,6676,3006),
	('Ekko',3152,3020,3041),
	('Elise',3020,3100,3041),
	('Evelynn',3020,3100,3041),
	('Ezreal',3508,3158,3004),
	('Fiddlesticks',3020,3118,3152),
	('Fiora',3074,3047,7018),
	('Fizz',3100,3020,3041),
	('Galio',3020,3100,4645),
	('Gangplank',3508,3009,6675),
	('Garen',3006,6631,7018),
	('Gnar',3047,7018,3071),
	('Gragas',6657,3158,4629),
	('Graves',3142,6676,3036),
	('Gwen',4633,3111,3115),
	('Hecarim',3158,3161,6692),
	('Heimerdinger',6653,3020,3116),
	('Hwei',6655,3020,4628),
	('Illaoi',6662,3047,6610),
	('Irelia',3153,3047,6610),
	('Ivern',3158,6617,3107),
	('Janna',3871,3009,4005),
	('Jarvan IV',6610,3111,3161),
	('Jax',7018,3047,6610),
	('Jayce',6692,3158,3004),
	('Jhin',3142,3009,6676),
	('Jinx',6672,3006,3031),
	('Kai''Sa',3087,3006,3124),
	('Kalista',3006,3153,3124),
	('Karma',3118,3158,4629),
	('Karthus',3020,6653,3118),
	('Kassadin',3118,3020,3003),
	('Katarina',3020,3100,4645),
	('Kayle',3009,3115,3089),
	('Kayn',6698,3047,6692),
	('Kennen',3020,3152,4646),
	('Kha''Zix',3142,6701,3158),
	('Kindred',6672,3047,7018),
	('Kled',6692,6692,3047),
	('Kog''Maw',3006,3153,3124),
	('K''Sante',3047,6662,3068),
	('LeBlanc',6655,3020,3041),
	('Lee Sin',6692,3111,6610),
	('Leona',3876,3117,3190),
	('Lillia',6653,3158,4633),
	('Lissandra',3118,3020,4645),
	('Lucian',6672,3153,6675),
	('Lulu',3870,3504,3158),
	('Lux',3871,3020,6655),
	('Malphite',3047,3068,3075),
	('Malzahar',3118,3020,6653),
	('Maokai',3876,3009,3002),
	('Master Yi',6672,3006,3124),
	('Milio',3870,6617,3158),
	('Miss Fortune',3142,3009,6676),
	('Mordekaiser',3047,3116,4633),
	('Morgana',3871,6653,3020),
	('Naafiri',6692,3158,6698),
	('Nami',3870,4005,3158),
	('Nasus',3158,7018,3110),
	('Nautilus',3876,3047,3190),
	('Neeko',3152,3020,4646),
	('Nidalee',3020,3100,3041),
	('Nilah',6676,3006,6675),
	('Nocturne',3073,3047,6631),
	('Nunu & Willump',6653,3047,3110),
	('Olaf',6631,3047,6610),
	('Orianna',3003,3020,4645),
	('Ornn',3068,3047,6665),
	('Pantheon',6692,3047,4645),
	('Poppy',3047,3068,6662),
	('Pyke',3877,3117,3179),
	('Qiyana',6698,3158,6697),
	('Quinn',3095,3006,6699),
	('Rakan',3876,3158,3002),
	('Rammus',3075,3047,3068),
	('Rek''Sai',6631,3111,3071),
	('Rell',3876,3158,3002),
	('Renata Glasc',3876,3158,2065),
	('Renekton',6692,3047,3071),
	('Rengar',6697,3158,6698),
	('Riven',6692,3158,6610),
	('Rumble',6653,3020,4645),
	('Ryze',6657,3020,3003),
	('Samira',6676,3031,3047),
	('Sejuani',3047,3068,3075),
	('Senna',3877,3009,3142),
	('Seraphine',3158,3118,3003),
	('Sett',3047,6631,3181),
	('Shaco',6698,3009,6699),
	('Shen',3047,3748,6662),
	('Shyvana',3115,3020,3089),
	('Singed',3009,6653,3116),
	('Sion',3047,3068,3084),
	('Sivir',6672,3006,6675),
	('Skarner',7018,3158,3742),
	('Smolder',3508,3158,3161),
	('Sona',3870,6617,3158),
	('Soraka',3870,3158,6617),
	('Swain',3118,3020,3116),
	('Sylas',3100,3020,4645),
	('Syndra',6655,3020,4646),
	('Tahm Kench',3084,3047,3068),
	('Taliyah',6655,3020,3041),
	('Talon',3142,6698,3158),
	('Taric',3877,3047,3190),
	('Teemo',3020,6653,3118),
	('Thresh',3876,3117,3190),
	('Tristana',6672,3006,6675),
	('Trundle',3074,3111,7018),
	('Tryndamere',3006,6672,6675),
	('Twisted Fate',6657,3020,3100),
	('Twitch',3153,3006,3085),
	('Udyr',3009,6653,3041),
	('Urgot',3047,3181,3071),
	('Varus',3006,3153,3124),
	('Vayne',3006,3153,3124),
	('Veigar',6655,3020,4646),
	('Vel''Koz',6655,3020,4645),
	('Vex',6655,3020,4645),
	('Vi',6610,3111,3071),
	('Viego',6672,3047,7018),
	('Viktor',6655,3020,3100),
	('Vladimir',3158,4633,6653),
	('Volibear',3158,2502,3119),
	('Warwick',3047,3748,3153),
	('Wukong',7018,3047,6610),
	('Xayah',6672,3006,6675),
	('Xerath',6655,3020,3041),
	('Xin Zhao',3748,3047,6610),
	('Yasuo',3006,6672,3031),
	('Yone',3006,3153,6673),
	('Yorick',6698,3009,6694),
	('Yuumi',3870,6617,3504),
	('Zac',3068,3158,8020),
	('Zed',6692,3158,6699),
	('Zeri',3006,3087,3085),
	('Ziggs',6655,3020,4645),
	('Zilean',3876,3158,3083),
	('Zoe',6655,3020,3100),
	('Zyra',3871,3020,6653);


-- Showing Table(s)
SELECT * FROM SupportBottomPairing;
SELECT * FROM ChampionList;
SELECT * FROM ChampionBuild;

-- debugger
SHOW DATABASES;

-- Granting permissions
GRANT SELECT, UPDATE, INSERT, DELETE ON lol_database.SupportBottomPairing TO 'lol_user'@'localhost';
GRANT SELECT, UPDATE ON lol_database.ChampionList TO 'lol_user'@'localhost';
GRANT SELECT, UPDATE ON lol_database.ChampionBuild TO 'lol_user'@'localhost';
